{
    "trial_number": 215,
    "eval_score": 3441.7198607654955,
    "params": {
        "sigma": 0.24681741288993145,
        "alpha": 0.023459651070574874,
        "gamma": 0.974743203033188,
        "epsilon_decay": 0.9938111173182369,
        "w_energy": 0.2031919572597254,
        "w_position": 2.4741097692070135,
        "w_balance": 1.158505872957937,
        "w_stab": 0.05002864720114189
    },
    "is_transfer": true
}