{
    "trial_number": 56,
    "eval_score": 3276.529702520109,
    "params": {
        "sigma": 0.2602338978406149,
        "alpha": 0.027357191242686256,
        "gamma": 0.9891632065626166,
        "epsilon_decay": 0.9934911004039415,
        "w_energy": 1.2262986418539048,
        "w_position": 1.95307160823707,
        "w_balance": 0.928160375290545,
        "w_stab": 0.14966832012751427
    }
}