{
    "trial_number": 249,
    "eval_score": 242.073295387272,
    "params": {
        "n_bins": 11,
        "sigma": 0.20173819640052784,
        "alpha": 0.02636293488162235,
        "gamma": 0.9897509449987525,
        "epsilon_decay": 0.9808694325824634,
        "w_energy": 1.8812776755571838,
        "w_position": 2.390033035793726,
        "w_stab": 0.18894705222869673
    }
}