{
    "trial_number": 249,
    "eval_score": 3408.7012442718456,
    "params": {
        "sigma": 0.26823609028151607,
        "alpha": 0.031656187788603365,
        "gamma": 0.9707726487609019,
        "epsilon_decay": 0.9903595822423072,
        "w_energy": 0.4752556223256099,
        "w_position": 2.406672852718767,
        "w_balance": 1.950537889631738,
        "w_stab": 0.13163807189984006
    },
    "is_transfer": false
}