{
    "source_rank": 5,
    "source_trial_number": 249,
    "source_dir": "5_trial_249",
    "source_eval_score": 242.073295387272,
    "episodes": 600,
    "eval_episodes": 5,
    "eval_score": 36.242988739842545,
    "params": {
        "n_bins": 11,
        "sigma": 0.20173819640052784,
        "alpha": 0.02636293488162235,
        "gamma": 0.9897509449987525,
        "epsilon_decay": 0.9808694325824634,
        "w_energy": 1.8812776755571838,
        "w_position": 2.390033035793726,
        "w_stab": 1.0
    },
    "note": "Top-5 model retrained with hardcoded w_stab sweep for later hardware testing."
}