{
    "status": "complete",
    "episodes_per_model": 600,
    "eval_episodes": 5,
    "stab_values": [
        0.5,
        1.0,
        1.5,
        2.0,
        2.5
    ],
    "models_completed": 25,
    "models_expected": 25,
    "models": [
        {
            "model_dir": "model_16_rank_4_trial_230_wstab_0p5",
            "source_rank": 4,
            "source_trial_number": 230,
            "w_stab": 0.5,
            "eval_score": 212.49055975424125,
            "params": {
                "n_bins": 11,
                "sigma": 0.21758051332349287,
                "alpha": 0.03225554701349201,
                "gamma": 0.991634410404342,
                "epsilon_decay": 0.9831885272940312,
                "w_energy": 1.8976336980231439,
                "w_position": 2.3883614533972706,
                "w_stab": 0.5
            }
        },
        {
            "model_dir": "model_11_rank_3_trial_146_wstab_0p5",
            "source_rank": 3,
            "source_trial_number": 146,
            "w_stab": 0.5,
            "eval_score": 193.79370142631234,
            "params": {
                "n_bins": 11,
                "sigma": 0.20063171841604457,
                "alpha": 0.02402758126407528,
                "gamma": 0.9756617225909715,
                "epsilon_decay": 0.9842451162809364,
                "w_energy": 0.8256175051762026,
                "w_position": 2.1734238825483403,
                "w_stab": 0.5
            }
        },
        {
            "model_dir": "model_21_rank_5_trial_249_wstab_0p5",
            "source_rank": 5,
            "source_trial_number": 249,
            "w_stab": 0.5,
            "eval_score": 167.0358177959919,
            "params": {
                "n_bins": 11,
                "sigma": 0.20173819640052784,
                "alpha": 0.02636293488162235,
                "gamma": 0.9897509449987525,
                "epsilon_decay": 0.9808694325824634,
                "w_energy": 1.8812776755571838,
                "w_position": 2.390033035793726,
                "w_stab": 0.5
            }
        },
        {
            "model_dir": "model_12_rank_3_trial_146_wstab_1p0",
            "source_rank": 3,
            "source_trial_number": 146,
            "w_stab": 1.0,
            "eval_score": 113.39878370151155,
            "params": {
                "n_bins": 11,
                "sigma": 0.20063171841604457,
                "alpha": 0.02402758126407528,
                "gamma": 0.9756617225909715,
                "epsilon_decay": 0.9842451162809364,
                "w_energy": 0.8256175051762026,
                "w_position": 2.1734238825483403,
                "w_stab": 1.0
            }
        },
        {
            "model_dir": "model_13_rank_3_trial_146_wstab_1p5",
            "source_rank": 3,
            "source_trial_number": 146,
            "w_stab": 1.5,
            "eval_score": 73.95404368847608,
            "params": {
                "n_bins": 11,
                "sigma": 0.20063171841604457,
                "alpha": 0.02402758126407528,
                "gamma": 0.9756617225909715,
                "epsilon_decay": 0.9842451162809364,
                "w_energy": 0.8256175051762026,
                "w_position": 2.1734238825483403,
                "w_stab": 1.5
            }
        },
        {
            "model_dir": "model_22_rank_5_trial_249_wstab_1p0",
            "source_rank": 5,
            "source_trial_number": 249,
            "w_stab": 1.0,
            "eval_score": 36.242988739842545,
            "params": {
                "n_bins": 11,
                "sigma": 0.20173819640052784,
                "alpha": 0.02636293488162235,
                "gamma": 0.9897509449987525,
                "epsilon_decay": 0.9808694325824634,
                "w_energy": 1.8812776755571838,
                "w_position": 2.390033035793726,
                "w_stab": 1.0
            }
        },
        {
            "model_dir": "model_01_rank_1_trial_246_wstab_0p5",
            "source_rank": 1,
            "source_trial_number": 246,
            "w_stab": 0.5,
            "eval_score": 22.423058485290966,
            "params": {
                "n_bins": 11,
                "sigma": 0.23273630470584294,
                "alpha": 0.03377565913320219,
                "gamma": 0.9902389458124072,
                "epsilon_decay": 0.9801639591692367,
                "w_energy": 1.8980921598727871,
                "w_position": 2.5221813981997405,
                "w_stab": 0.5
            }
        },
        {
            "model_dir": "model_25_rank_5_trial_249_wstab_2p5",
            "source_rank": 5,
            "source_trial_number": 249,
            "w_stab": 2.5,
            "eval_score": -28.87779226891348,
            "params": {
                "n_bins": 11,
                "sigma": 0.20173819640052784,
                "alpha": 0.02636293488162235,
                "gamma": 0.9897509449987525,
                "epsilon_decay": 0.9808694325824634,
                "w_energy": 1.8812776755571838,
                "w_position": 2.390033035793726,
                "w_stab": 2.5
            }
        },
        {
            "model_dir": "model_10_rank_2_trial_095_wstab_2p5",
            "source_rank": 2,
            "source_trial_number": 95,
            "w_stab": 2.5,
            "eval_score": -39.414285323172805,
            "params": {
                "n_bins": 11,
                "sigma": 0.24590800720449682,
                "alpha": 0.009963162749116785,
                "gamma": 0.973536385847891,
                "epsilon_decay": 0.9924823121978142,
                "w_energy": 0.5773590381842698,
                "w_position": 1.1848227608336233,
                "w_stab": 2.5
            }
        },
        {
            "model_dir": "model_06_rank_2_trial_095_wstab_0p5",
            "source_rank": 2,
            "source_trial_number": 95,
            "w_stab": 0.5,
            "eval_score": -42.030830231066794,
            "params": {
                "n_bins": 11,
                "sigma": 0.24590800720449682,
                "alpha": 0.009963162749116785,
                "gamma": 0.973536385847891,
                "epsilon_decay": 0.9924823121978142,
                "w_energy": 0.5773590381842698,
                "w_position": 1.1848227608336233,
                "w_stab": 0.5
            }
        },
        {
            "model_dir": "model_07_rank_2_trial_095_wstab_1p0",
            "source_rank": 2,
            "source_trial_number": 95,
            "w_stab": 1.0,
            "eval_score": -49.200566453064674,
            "params": {
                "n_bins": 11,
                "sigma": 0.24590800720449682,
                "alpha": 0.009963162749116785,
                "gamma": 0.973536385847891,
                "epsilon_decay": 0.9924823121978142,
                "w_energy": 0.5773590381842698,
                "w_position": 1.1848227608336233,
                "w_stab": 1.0
            }
        },
        {
            "model_dir": "model_19_rank_4_trial_230_wstab_2p0",
            "source_rank": 4,
            "source_trial_number": 230,
            "w_stab": 2.0,
            "eval_score": -56.44800185862929,
            "params": {
                "n_bins": 11,
                "sigma": 0.21758051332349287,
                "alpha": 0.03225554701349201,
                "gamma": 0.991634410404342,
                "epsilon_decay": 0.9831885272940312,
                "w_energy": 1.8976336980231439,
                "w_position": 2.3883614533972706,
                "w_stab": 2.0
            }
        },
        {
            "model_dir": "model_05_rank_1_trial_246_wstab_2p5",
            "source_rank": 1,
            "source_trial_number": 246,
            "w_stab": 2.5,
            "eval_score": -62.910653662258994,
            "params": {
                "n_bins": 11,
                "sigma": 0.23273630470584294,
                "alpha": 0.03377565913320219,