{
    "model_type": "NOE_GRU",
    "hidden_dim": 16,
    "epochs": 20,
    "learning_rate": 0.005,
    "train_loss": [
        0.21836933224755325,
        0.10848168011424374,
        0.10419568935528807,
        0.10322225712444805,
        0.09714650916397025,
        0.1002204805749272,
        0.09622026106131916,
        0.09549451826726989,
        0.09616170080794471,
        0.09372003095093488,
        0.09479742147461355,
        0.09224248815339275,
        0.09253315519347832,
        0.09151520846633736,
        0.09050754276574205,
        0.09008280883916292,
        0.09006922381049996,
        0.09106697054403273,
        0.09008076447503648,
        0.08838587159729515
    ],
    "val_loss": [
        0.1270654735983246,
        0.11427530237577027,
        0.11743331893726631,
        0.11952844198310265,
        0.10602154164506053,
        0.10434936228449698,
        0.10908793489862648,
        0.10763296611710554,
        0.12612895954710743,
        0.10974856932578539,
        0.10544347441410301,
        0.1039020061855101,
        0.10203771883863266,
        0.10770744081862547,
        0.10354392405564862,
        0.10413237134236153,
        0.10076278505881352,
        0.10067534906341245,
        0.10223978139994735,
        0.10019069847098931
    ]
}