{
    "model_type": "NOE_GRU",
    "hidden_dim": 16,
    "epochs": 20,
    "learning_rate": 0.005,
    "train_loss": [
        0.22424720636702825,
        0.10897136331515939,
        0.10308307343211014,
        0.10169122958219744,
        0.09654078951578257,
        0.09846158675416529,
        0.09723503347657142,
        0.09686414253775498,
        0.09170509790517503,
        0.09418799012717122,
        0.09231956087804716,
        0.09214042028019187,
        0.09068462879194761,
        0.08848786207103948,
        0.0896964548355031,
        0.08899276464357289,
        0.08786871083741524,
        0.0885471169372582,
        0.08716121908357019,
        0.08735446628490719
    ],
    "val_loss": [
        0.12289443992388745,
        0.12549969657427734,
        0.11667495214000896,
        0.10931133221041549,
        0.10544815534484331,
        0.10661232811226337,
        0.11330991136600022,
        0.10176044332587884,
        0.10133775850085334,
        0.1314512145170873,
        0.09809340226153533,
        0.11503963429411804,
        0.10491000432348638,
        0.10518849589344528,
        0.11238671973761585,
        0.10667310162723341,
        0.10045730735658219,
        0.10654156613681051,
        0.09818200058631461,
        0.11245739094361111
    ]
}