{
    "model_type": "NOE_GRU",
    "hidden_dim": 16,
    "epochs": 20,
    "learning_rate": 0.005,
    "train_loss": [
        0.22162633314045196,
        0.1069443980716055,
        0.1034800530687567,
        0.1011031361963224,
        0.09938046115162905,
        0.09609612825950352,
        0.09559313492672888,
        0.0937599701072098,
        0.09250035615415748,
        0.09104343618776091,
        0.09235424642943825,
        0.09011859102715775,
        0.09008954981461577,
        0.08936506973448514,
        0.08879691379469469,
        0.089317074609459,
        0.08805591627864298,
        0.08687687452187597,
        0.08891187956847182,
        0.08700373474884471
    ],
    "val_loss": [
        0.13025088549626093,
        0.11791407485940943,
        0.10725510934436763,
        0.11019172460806591,
        0.12003346585185716,
        0.10245502416768835,
        0.10852723628179067,
        0.09991903132241634,
        0.09827387277726773,
        0.11775586704930498,
        0.10840478968047709,
        0.1023628178388915,
        0.09655470013428756,
        0.09990916195911942,
        0.09718741229045447,
        0.10156887513585389,
        0.10166332122214415,
        0.09611242257179348,
        0.09732342087146309,
        0.10527844292422135
    ]
}