{
  "sparse_gp_simulation_test": {
    "rms_rad": 0.057479143269227,
    "rms_deg": 3.2933123193545,
    "nrms_percent": 12.243830512756372
  }
}