na,nb,num_inducing,pred_rms_rad,pred_rms_deg
2,2,200,0.004178,0.239358
2,2,500,0.004190,0.240060
3,3,200,0.003560,0.203986
3,3,500,0.003629,0.207909
4,4,200,0.003401,0.194836
4,4,500,0.003327,0.190645
5,5,200,0.003581,0.205172
5,5,500,0.003268,0.187215
