{
    "trial_number": 79,
    "eval_score": 3319.3300780543655,
    "params": {
        "sigma": 0.24050202253654687,
        "alpha": 0.029450797101256934,
        "gamma": 0.9859974193602997,
        "epsilon_decay": 0.9933402414283681,
        "w_energy": 0.9780877253682123,
        "w_position": 2.8608902758950587,
        "w_balance": 0.48523723108362077,
        "w_stab": 0.001021491395909152
    }
}