{
    "trial_number": 75,
    "eval_score": 3294.114149327285,
    "params": {
        "sigma": 0.2517189205034927,
        "alpha": 0.0305207048888944,
        "gamma": 0.9856124265691207,
        "epsilon_decay": 0.9929489349535816,
        "w_energy": 1.140836295584627,
        "w_position": 2.5839959769581755,
        "w_balance": 0.6759181886906704,
        "w_stab": 0.21713946946173363
    }
}