{
    "source_rank": 4,
    "source_trial_number": 230,
    "source_dir": "4_trial_230",
    "source_eval_score": 244.03039746281343,
    "episodes": 600,
    "eval_episodes": 5,
    "eval_score": -260.10921553954483,
    "params": {
        "n_bins": 11,
        "sigma": 0.21758051332349287,
        "alpha": 0.03225554701349201,
        "gamma": 0.991634410404342,
        "epsilon_decay": 0.9831885272940312,
        "w_energy": 1.8976336980231439,
        "w_position": 2.3883614533972706,
        "w_stab": 1.0
    },
    "note": "Top-5 model retrained with hardcoded w_stab sweep for later hardware testing."
}