{
    "source_rank": 1,
    "source_trial_number": 246,
    "source_dir": "1_trial_246",
    "source_eval_score": 247.49103923135166,
    "episodes": 600,
    "eval_episodes": 5,
    "eval_score": 22.423058485290966,
    "params": {
        "n_bins": 11,
        "sigma": 0.23273630470584294,
        "alpha": 0.03377565913320219,
        "gamma": 0.9902389458124072,
        "epsilon_decay": 0.9801639591692367,
        "w_energy": 1.8980921598727871,
        "w_position": 2.5221813981997405,
        "w_stab": 0.5
    },
    "note": "Top-5 model retrained with hardcoded w_stab sweep for later hardware testing."
}