{
    "trial_number": 230,
    "eval_score": 244.03039746281343,
    "params": {
        "n_bins": 11,
        "sigma": 0.21758051332349287,
        "alpha": 0.03225554701349201,
        "gamma": 0.991634410404342,
        "epsilon_decay": 0.9831885272940312,
        "w_energy": 1.8976336980231439,
        "w_position": 2.3883614533972706,
        "w_stab": 0.10608961832415398
    }
}