{
    "trial_number": 69,
    "eval_score": 3349.708932368348,
    "params": {
        "sigma": 0.24579666137621137,
        "alpha": 0.02980999080816435,
        "gamma": 0.9694749179338111,
        "epsilon_decay": 0.9930164210320138,
        "w_energy": 1.502452361427553,
        "w_position": 2.5384397194895296,
        "w_balance": 2.4041172128007466,
        "w_stab": 0.0032689489868587274
    }
}