{
    "trial_number": 233,
    "eval_score": 3436.121534556149,
    "params": {
        "sigma": 0.250757634444904,
        "alpha": 0.03218196763014581,
        "gamma": 0.9769223482563109,
        "epsilon_decay": 0.9940923121839995,
        "w_energy": 1.2762160785977745,
        "w_position": 2.654415964249119,
        "w_balance": 1.2899915774646407,
        "w_stab": 0.09716713785386369
    }
}