{
    "trial_number": 133,
    "eval_score": 3446.4360719100714,
    "params": {
        "sigma": 0.24898242681414415,
        "alpha": 0.025663708901489106,
        "gamma": 0.9743529292139266,
        "epsilon_decay": 0.9932989375601325,
        "w_energy": 1.3389743091120374,
        "w_position": 1.9116568826994025,
        "w_balance": 1.3669113575177305,
        "w_stab": 0.07435801360463176
    },
    "is_transfer": true
}