{
    "trial_number": 246,
    "eval_score": 247.49103923135166,
    "params": {
        "n_bins": 11,
        "sigma": 0.23273630470584294,
        "alpha": 0.03377565913320219,
        "gamma": 0.9902389458124072,
        "epsilon_decay": 0.9801639591692367,
        "w_energy": 1.8980921598727871,
        "w_position": 2.5221813981997405,
        "w_stab": 0.07494381804646369
    }
}