{
    "trial_number": 77,
    "eval_score": 3379.3037543427213,
    "params": {
        "sigma": 0.2515804201422729,
        "alpha": 0.029357551132779554,
        "gamma": 0.9791367408917822,
        "epsilon_decay": 0.9930511632437449,
        "w_energy": 0.9707298908605402,
        "w_position": 2.455865099047587,
        "w_balance": 0.46664560884106154,
        "w_stab": 0.03067758897691082
    }
}