{
    "source_rank": 3,
    "source_trial_number": 146,
    "source_dir": "3_trial_146",
    "source_eval_score": 245.44622443803482,
    "episodes": 600,
    "eval_episodes": 5,
    "eval_score": -122.77288795141821,
    "params": {
        "n_bins": 11,
        "sigma": 0.20063171841604457,
        "alpha": 0.02402758126407528,
        "gamma": 0.9756617225909715,
        "epsilon_decay": 0.9842451162809364,
        "w_energy": 0.8256175051762026,
        "w_position": 2.1734238825483403,
        "w_stab": 2.0
    },
    "note": "Top-5 model retrained with hardcoded w_stab sweep for later hardware testing."
}