{
    "trial_number": 154,
    "eval_score": 3428.1074913668936,
    "params": {
        "sigma": 0.26603016769258536,
        "alpha": 0.023323769408030267,
        "gamma": 0.9697755002298867,
        "epsilon_decay": 0.983430840043043,
        "w_energy": 1.0068599827885343,
        "w_position": 1.3631195205075044,
        "w_balance": 1.38832101621854,
        "w_stab": 0.005156929281869421
    }
}