{
    "trial_number": 146,
    "eval_score": 245.44622443803482,
    "params": {
        "n_bins": 11,
        "sigma": 0.20063171841604457,
        "alpha": 0.02402758126407528,
        "gamma": 0.9756617225909715,
        "epsilon_decay": 0.9842451162809364,
        "w_energy": 0.8256175051762026,
        "w_position": 2.1734238825483403,
        "w_stab": 0.1818784170837047
    }
}