{
    "trial_number": 95,
    "eval_score": 247.30368129184527,
    "params": {
        "n_bins": 11,
        "sigma": 0.24590800720449682,
        "alpha": 0.009963162749116785,
        "gamma": 0.973536385847891,
        "epsilon_decay": 0.9924823121978142,
        "w_energy": 0.5773590381842698,
        "w_position": 1.1848227608336233,
        "w_stab": 0.06709029337725461
    }
}